path,slot,concept_id,category,location_tier,bytes,content_hash,basename_group,duplicate_count_same_basename,is_production_canonical,wired_in_vocab,wired_in_v2_full,wired_in_golden_path,style_family,style_bible_fit,registry_status,registry_notes,suggested_decision,duplicate_paths_same_basename
assets/_originals/images/explainers/anatomy-101.png,explainer,anatomy-101,,original,759449,496e63b34e6ebae2,explainer:anatomy-101.png,2,false,false,false,false,unknown,master-archive,,,keep-until-cut,assets/images/explainers/anatomy-101.png
assets/images/explainers/anatomy-101.png,explainer,anatomy-101,,shell-production,64868,798a44a3e58cf756,explainer:anatomy-101.png,2,false,false,false,false,unknown,matches,,,review,assets/_originals/images/explainers/anatomy-101.png
native://diagram/angling,diagram,angling,technique,native-code,,,diagram:angling,1,true,true,true,true,interactive-skia,matches,wired,Rendered in ConceptDiagrams.swift + components/diagrams/*.tsx,keep,
assets/images/concepts/illustrations/angling.png,illustration,angling,technique,production,179518,910593509bcac762,illustration:angling,2,true,true,true,true,scientific-anatomical,matches,wired,In-image titles/labels — regen with no-text prompt,keep,ios-native/Sources/PleasureVocabularyApp/Resources/media/illustrations/angling.png
ios-native/Sources/PleasureVocabularyApp/Resources/media/illustrations/angling.png,illustration,angling,technique,ios-copy,179518,910593509bcac762,illustration:angling,2,false,false,false,false,scientific-anatomical,duplicate,,,consolidate-delete-copy,assets/images/concepts/illustrations/angling.png
assets/_originals/images/concepts/angling.png,other,angling,technique,original,4972653,73fa06348cf1cf98,other:angling.png,1,false,false,false,false,scientific-anatomical,master-archive,,,keep-until-cut,
assets/images/concepts/thumbnails/angling.png,thumbnail,angling,technique,production,108847,600b705a201710a7,thumbnail:angling,2,true,true,false,false,abstract-glyph,off-brief,wired,In-image titles/labels — regen with no-text prompt,keep-until-regen,ios-native/Sources/PleasureVocabularyApp/Resources/media/thumbnails/angling.png
ios-native/Sources/PleasureVocabularyApp/Resources/media/thumbnails/angling.png,thumbnail,angling,technique,ios-copy,108847,600b705a201710a7,thumbnail:angling,2,false,false,false,false,abstract-glyph,duplicate,,,consolidate-delete-copy,assets/images/concepts/thumbnails/angling.png
assets/images/concepts/illustrations/body-appreciation.png,illustration,body-appreciation,psychological,production,207227,696758a28a4ec944,illustration:body-appreciation,2,true,true,true,false,ethereal-abstract,matches,wired,,keep,ios-native/Sources/PleasureVocabularyApp/Resources/media/illustrations/body-appreciation.png
ios-native/Sources/PleasureVocabularyApp/Resources/media/illustrations/body-appreciation.png,illustration,body-appreciation,psychological,ios-copy,207227,696758a28a4ec944,illustration:body-appreciation,2,false,false,false,false,ethereal-abstract,duplicate,,,consolidate-delete-copy,assets/images/concepts/illustrations/body-appreciation.png
assets/_originals/images/concepts/body-appreciation.png,other,body-appreciation,psychological,original,4629419,1a6cbd04ad4d6876,other:body-appreciation.png,1,false,false,false,false,ethereal-abstract,master-archive,,,keep-until-cut,
assets/images/concepts/thumbnails/body-appreciation.png,thumbnail,body-appreciation,psychological,production,406771,cc46872e6e81d4ae,thumbnail:body-appreciation,2,true,true,false,false,abstract-glyph,matches,wired,,keep,ios-native/Sources/PleasureVocabularyApp/Resources/media/thumbnails/body-appreciation.png
ios-native/Sources/PleasureVocabularyApp/Resources/media/thumbnails/body-appreciation.png,thumbnail,body-appreciation,psychological,ios-copy,406771,cc46872e6e81d4ae,thumbnail:body-appreciation,2,false,false,false,false,abstract-glyph,duplicate,,,consolidate-delete-copy,assets/images/concepts/thumbnails/body-appreciation.png
assets/images/concepts/illustrations/building.png,illustration,building,sensation,production,695990,30e61fbd9deeb733,illustration:building,2,true,true,true,false,scientific-warmth-plate,matches,wired,,keep,ios-native/Sources/PleasureVocabularyApp/Resources/media/illustrations/building.png
ios-native/Sources/PleasureVocabularyApp/Resources/media/illustrations/building.png,illustration,building,sensation,ios-copy,695990,30e61fbd9deeb733,illustration:building,2,false,false,false,false,scientific-warmth-plate,duplicate,,,consolidate-delete-copy,assets/images/concepts/illustrations/building.png
assets/_originals/images/concepts/building.png,other,building,sensation,original,4921760,1494bb1ccda06277,other:building.png,1,false,false,false,false,unknown,master-archive,,,keep-until-cut,
assets/images/concepts/thumbnails/building.png,thumbnail,building,sensation,production,287333,e7376f376d9b9510,thumbnail:building,2,true,true,false,false,abstract-glyph,matches,wired,,keep,ios-native/Sources/PleasureVocabularyApp/Resources/media/thumbnails/building.png
ios-native/Sources/PleasureVocabularyApp/Resources/media/thumbnails/building.png,thumbnail,building,sensation,ios-copy,287333,e7376f376d9b9510,thumbnail:building,2,false,false,false,false,abstract-glyph,duplicate,,,consolidate-delete-copy,assets/images/concepts/thumbnails/building.png
assets/videos/building.mp4,video,building,sensation,production,261848,80a9d7951d317fa3,video:building,4,true,true,true,false,motion,matches,wired,,keep,assets/videos/originals/building.mov; assets/videos/originals/building.mp4; ios-native/Sources/PleasureVocabularyApp/Resources/media/videos/building.mp4
assets/videos/originals/building.mov,video,building,sensation,video-original,5417746,653b5b72bb671850,video:building,4,false,false,false,false,motion,master-archive,,,keep-until-cut,assets/videos/building.mp4; assets/videos/originals/building.mp4; ios-native/Sources/PleasureVocabularyApp/Resources/media/videos/building.mp4
assets/videos/originals/building.mp4,video,building,sensation,video-original,1016805,01bd75b3629cb416,video:building,4,false,false,false,false,motion,master-archive,,,keep-until-cut,assets/videos/building.mp4; assets/videos/originals/building.mov; ios-native/Sources/PleasureVocabularyApp/Resources/media/videos/building.mp4
ios-native/Sources/PleasureVocabularyApp/Resources/media/videos/building.mp4,video,building,sensation,ios-copy,261848,80a9d7951d317fa3,video:building,4,false,false,false,false,motion,duplicate,,,consolidate-delete-copy,assets/videos/building.mp4; assets/videos/originals/building.mov; assets/videos/originals/building.mp4
assets/images/concepts/illustrations/clitoral-structure.png,illustration,clitoral-structure,anatomy,production,183610,af2a193e0acfdea5,illustration:clitoral-structure,2,true,true,true,false,scientific-anatomical,matches,wired,,keep,ios-native/Sources/PleasureVocabularyApp/Resources/media/illustrations/clitoral-structure.png
ios-native/Sources/PleasureVocabularyApp/Resources/media/illustrations/clitoral-structure.png,illustration,clitoral-structure,anatomy,ios-copy,183610,af2a193e0acfdea5,illustration:clitoral-structure,2,false,false,false,false,scientific-anatomical,duplicate,,,consolidate-delete-copy,assets/images/concepts/illustrations/clitoral-structure.png
assets/_originals/images/concepts/clitoral-structure.png,other,clitoral-structure,anatomy,original,5616878,45f75097463310a8,other:clitoral-structure.png,1,false,false,false,false,scientific-anatomical,master-archive,,,keep-until-cut,
assets/images/concepts/thumbnails/clitoral-structure.png,thumbnail,clitoral-structure,anatomy,production,558779,0a50d293a8275332,thumbnail:clitoral-structure,2,true,true,false,false,abstract-glyph,matches,wired,,keep,ios-native/Sources/PleasureVocabularyApp/Resources/media/thumbnails/clitoral-structure.png
ios-native/Sources/PleasureVocabularyApp/Resources/media/thumbnails/clitoral-structure.png,thumbnail,clitoral-structure,anatomy,ios-copy,558779,0a50d293a8275332,thumbnail:clitoral-structure,2,false,false,false,false,abstract-glyph,duplicate,,,consolidate-delete-copy,assets/images/concepts/thumbnails/clitoral-structure.png
assets/images/concepts/illustrations/clitourethrovaginal.png,illustration,clitourethrovaginal,anatomy,production,157206,2d291d0b52932ae2,illustration:clitourethrovaginal,2,true,true,true,false,scientific-anatomical,matches,wired,,keep,ios-native/Sources/PleasureVocabularyApp/Resources/media/illustrations/clitourethrovaginal.png
ios-native/Sources/PleasureVocabularyApp/Resources/media/illustrations/clitourethrovaginal.png,illustration,clitourethrovaginal,anatomy,ios-copy,157206,2d291d0b52932ae2,illustration:clitourethrovaginal,2,false,false,false,false,scientific-anatomical,duplicate,,,consolidate-delete-copy,assets/images/concepts/illustrations/clitourethrovaginal.png
assets/_originals/images/concepts/clitourethrovaginal.png,other,clitourethrovaginal,anatomy,original,439662,4e4e59a4cd0e84eb,other:clitourethrovaginal.png,1,false,false,false,false,scientific-anatomical,master-archive,,,keep-until-cut,
assets/images/concepts/thumbnails/clitourethrovaginal.png,thumbnail,clitourethrovaginal,anatomy,production,120027,55ba961b50da8254,thumbnail:clitourethrovaginal,2,true,true,false,false,abstract-glyph,matches,wired,,keep,ios-native/Sources/PleasureVocabularyApp/Resources/media/thumbnails/clitourethrovaginal.png
ios-native/Sources/PleasureVocabularyApp/Resources/media/thumbnails/clitourethrovaginal.png,thumbnail,clitourethrovaginal,anatomy,ios-copy,120027,55ba961b50da8254,thumbnail:clitourethrovaginal,2,false,false,false,false,abstract-glyph,duplicate,,,consolidate-delete-copy,assets/images/concepts/thumbnails/clitourethrovaginal.png
assets/_originals/images/explainers/communication-science-101.png,explainer,communication-science-101,,original,446267,26cb03019121efbe,explainer:communication-science-101.png,2,false,false,false,false,unknown,master-archive,,,keep-until-cut,assets/images/explainers/communication-science-101.png
assets/images/explainers/communication-science-101.png,explainer,communication-science-101,,shell-production,21635,2a4f8a87c8faba5b,explainer:communication-science-101.png,2,false,false,false,false,unknown,matches,,,review,assets/_originals/images/explainers/communication-science-101.png
assets/images/concepts/illustrations/edging.png,illustration,edging,sensation,production,397619,bbd3c14041b7e795,illustration:edging,2,true,true,true,false,scientific-warmth-plate,matches,wired,,keep,ios-native/Sources/PleasureVocabularyApp/Resources/media/illustrations/edging.png
ios-native/Sources/PleasureVocabularyApp/Resources/media/illustrations/edging.png,illustration,edging,sensation,ios-copy,397619,bbd3c14041b7e795,illustration:edging,2,false,false,false,false,scientific-warmth-plate,duplicate,,,consolidate-delete-copy,assets/images/concepts/illustrations/edging.png
assets/_originals/images/concepts/edging.png,other,edging,sensation,original,4870787,015574ec1ee633be,other:edging.png,1,false,false,false,false,unknown,master-archive,,,keep-until-cut,
assets/images/concepts/thumbnails/edging.png,thumbnail,edging,sensation,production,447221,874be9632ae056f1,thumbnail:edging,2,true,true,false,false,abstract-glyph,matches,wired,,keep,ios-native/Sources/PleasureVocabularyApp/Resources/media/thumbnails/edging.png
ios-native/Sources/PleasureVocabularyApp/Resources/media/thumbnails/edging.png,thumbnail,edging,sensation,ios-copy,447221,874be9632ae056f1,thumbnail:edging,2,false,false,false,false,abstract-glyph,duplicate,,,consolidate-delete-copy,assets/images/concepts/thumbnails/edging.png
assets/images/concepts/illustrations/embodied-presence.png,illustration,embodied-presence,psychological,production,167080,738fa7ba01a5b69f,illustration:embodied-presence,2,true,true,true,false,ethereal-abstract,matches,wired,,keep,ios-native/Sources/PleasureVocabularyApp/Resources/media/illustrations/embodied-presence.png
ios-native/Sources/PleasureVocabularyApp/Resources/media/illustrations/embodied-presence.png,illustration,embodied-presence,psychological,ios-copy,167080,738fa7ba01a5b69f,illustration:embodied-presence,2,false,false,false,false,ethereal-abstract,duplicate,,,consolidate-delete-copy,assets/images/concepts/illustrations/embodied-presence.png
assets/_originals/images/concepts/embodied-presence.png,other,embodied-presence,psychological,original,5290224,62c5d36ac592fc45,other:embodied-presence.png,1,false,false,false,false,ethereal-abstract,master-archive,,,keep-until-cut,
assets/images/concepts/thumbnails/embodied-presence.png,thumbnail,embodied-presence,psychological,production,219581,b6a8ded0066af2ae,thumbnail:embodied-presence,2,true,true,false,false,abstract-glyph,matches,wired,,keep,ios-native/Sources/PleasureVocabularyApp/Resources/media/thumbnails/embodied-presence.png
ios-native/Sources/PleasureVocabularyApp/Resources/media/thumbnails/embodied-presence.png,thumbnail,embodied-presence,psychological,ios-copy,219581,b6a8ded0066af2ae,thumbnail:embodied-presence,2,false,false,false,false,abstract-glyph,duplicate,,,consolidate-delete-copy,assets/images/concepts/thumbnails/embodied-presence.png
assets/_originals/images/pathways/expanding-repertoire.png,pathway,expanding-repertoire,,original,466548,a43163a11ae0f789,pathway:expanding-repertoire.png,2,false,false,false,false,unknown,master-archive,,,keep-until-cut,assets/images/pathways/expanding-repertoire.png
assets/images/pathways/expanding-repertoire.png,pathway,expanding-repertoire,,shell-production,19540,215e73de6945978a,pathway:expanding-repertoire.png,2,false,false,false,false,unknown,matches,,,review,assets/_originals/images/pathways/expanding-repertoire.png
assets/_originals/images/pathways/foundations.png,pathway,foundations,,original,687761,73c965d4fc8bf9db,pathway:foundations.png,2,false,false,false,false,unknown,master-archive,,,keep-until-cut,assets/images/pathways/foundations.png
assets/images/pathways/foundations.png,pathway,foundations,,shell-production,65857,a8c9240785988328,pathway:foundations.png,2,false,false,false,false,unknown,matches,,,review,assets/_originals/images/pathways/foundations.png
assets/images/concepts/illustrations/golden-trio.png,illustration,golden-trio,timing,production,184763,5d1a58ffa2ee708e,illustration:golden-trio,2,true,true,true,false,ethereal-abstract,matches,wired,,keep,ios-native/Sources/PleasureVocabularyApp/Resources/media/illustrations/golden-trio.png
ios-native/Sources/PleasureVocabularyApp/Resources/media/illustrations/golden-trio.png,illustration,golden-trio,timing,ios-copy,184763,5d1a58ffa2ee708e,illustration:golden-trio,2,false,false,false,false,ethereal-abstract,duplicate,,,consolidate-delete-copy,assets/images/concepts/illustrations/golden-trio.png
assets/_originals/images/concepts/golden-trio.png,other,golden-trio,timing,original,4580643,532d04f5ed3ba518,other:golden-trio.png,1,false,false,false,false,unknown,master-archive,,,keep-until-cut,
assets/images/concepts/thumbnails/golden-trio.png,thumbnail,golden-trio,timing,production,170382,ff45f5d88a555dc1,thumbnail:golden-trio,2,true,true,false,false,abstract-glyph,matches,wired,,keep,ios-native/Sources/PleasureVocabularyApp/Resources/media/thumbnails/golden-trio.png
ios-native/Sources/PleasureVocabularyApp/Resources/media/thumbnails/golden-trio.png,thumbnail,golden-trio,timing,ios-copy,170382,ff45f5d88a555dc1,thumbnail:golden-trio,2,false,false,false,false,abstract-glyph,duplicate,,,consolidate-delete-copy,assets/images/concepts/thumbnails/golden-trio.png
assets/images/concepts/illustrations/internal-stimulation.png,illustration,internal-stimulation,anatomy,production,153482,d566ca948caca855,illustration:internal-stimulation,2,true,true,true,false,scientific-anatomical,matches,wired,,keep,ios-native/Sources/PleasureVocabularyApp/Resources/media/illustrations/internal-stimulation.png
ios-native/Sources/PleasureVocabularyApp/Resources/media/illustrations/internal-stimulation.png,illustration,internal-stimulation,anatomy,ios-copy,153482,d566ca948caca855,illustration:internal-stimulation,2,false,false,false,false,scientific-anatomical,duplicate,,,consolidate-delete-copy,assets/images/concepts/illustrations/internal-stimulation.png
assets/_originals/images/concepts/internal-stimulation.png,other,internal-stimulation,anatomy,original,510858,45d99a6b9ca6f411,other:internal-stimulation.png,1,false,false,false,false,scientific-anatomical,master-archive,,,keep-until-cut,
assets/images/concepts/thumbnails/internal-stimulation.png,thumbnail,internal-stimulation,anatomy,production,127081,8aa36f087f7b5a41,thumbnail:internal-stimulation,2,true,true,false,false,abstract-glyph,matches,wired,,keep,ios-native/Sources/PleasureVocabularyApp/Resources/media/thumbnails/internal-stimulation.png
ios-native/Sources/PleasureVocabularyApp/Resources/media/thumbnails/internal-stimulation.png,thumbnail,internal-stimulation,anatomy,ios-copy,127081,8aa36f087f7b5a41,thumbnail:internal-stimulation,2,false,false,false,false,abstract-glyph,duplicate,,,consolidate-delete-copy,assets/images/concepts/thumbnails/internal-stimulation.png
assets/_originals/images/explainers/mind-body.png,explainer,mind-body,,original,617942,f9234cbe1aac6054,explainer:mind-body.png,2,false,false,false,false,unknown,master-archive,,,keep-until-cut,assets/images/explainers/mind-body.png
assets/images/explainers/mind-body.png,explainer,mind-body,,shell-production,98516,8ddec12da09f43fa,explainer:mind-body.png,2,false,false,false,false,unknown,matches,,,review,assets/_originals/images/explainers/mind-body.png
assets/_originals/images/pathways/mindful-presence.png,pathway,mindful-presence,,original,566583,0f041363322b8d51,pathway:mindful-presence.png,2,false,false,false,false,unknown,master-archive,,,keep-until-cut,assets/images/pathways/mindful-presence.png
assets/images/pathways/mindful-presence.png,pathway,mindful-presence,,shell-production,14562,35b6ad4d2e7cb0b5,pathway:mindful-presence.png,2,false,false,false,false,unknown,matches,,,review,assets/_originals/images/pathways/mindful-presence.png
assets/images/concepts/illustrations/nerve-density.png,illustration,nerve-density,anatomy,production,144670,bd7ce5a707c68292,illustration:nerve-density,2,true,true,true,false,scientific-anatomical,matches,wired,,keep,ios-native/Sources/PleasureVocabularyApp/Resources/media/illustrations/nerve-density.png
ios-native/Sources/PleasureVocabularyApp/Resources/media/illustrations/nerve-density.png,illustration,nerve-density,anatomy,ios-copy,144670,bd7ce5a707c68292,illustration:nerve-density,2,false,false,false,false,scientific-anatomical,duplicate,,,consolidate-delete-copy,assets/images/concepts/illustrations/nerve-density.png
assets/_originals/images/concepts/nerve-density.png,other,nerve-density,anatomy,original,4733186,a4f7bb68bf42fde3,other:nerve-density.png,1,false,false,false,false,scientific-anatomical,master-archive,,,keep-until-cut,
assets/images/concepts/thumbnails/nerve-density.png,thumbnail,nerve-density,anatomy,production,342066,e0b229f3949a974a,thumbnail:nerve-density,2,true,true,false,false,abstract-glyph,matches,wired,,keep,ios-native/Sources/PleasureVocabularyApp/Resources/media/thumbnails/nerve-density.png
ios-native/Sources/PleasureVocabularyApp/Resources/media/thumbnails/nerve-density.png,thumbnail,nerve-density,anatomy,ios-copy,342066,e0b229f3949a974a,thumbnail:nerve-density,2,false,false,false,false,abstract-glyph,duplicate,,,consolidate-delete-copy,assets/images/concepts/thumbnails/nerve-density.png
assets/images/concepts/illustrations/non-concordance.png,illustration,non-concordance,psychological,production,226381,743e6dc648bd9a01,illustration:non-concordance,2,true,true,true,true,ethereal-abstract,matches,wired,Promoted to production May 19,keep,ios-native/Sources/PleasureVocabularyApp/Resources/media/illustrations/non-concordance.png
ios-native/Sources/PleasureVocabularyApp/Resources/media/illustrations/non-concordance.png,illustration,non-concordance,psychological,ios-copy,226381,743e6dc648bd9a01,illustration:non-concordance,2,false,false,false,false,ethereal-abstract,duplicate,,,consolidate-delete-copy,assets/images/concepts/illustrations/non-concordance.png
assets/_originals/images/concepts/non-concordance.png,other,non-concordance,psychological,original,5227051,2e8f999c415c9004,other:non-concordance.png,1,false,false,false,false,ethereal-abstract,master-archive,,,keep-until-cut,
assets/images/concepts/thumbnails/non-concordance.png,thumbnail,non-concordance,psychological,production,310525,1b3484a6d36a4b3f,thumbnail:non-concordance,2,true,true,false,false,abstract-glyph,matches,wired,Promoted to production May 19,keep,ios-native/Sources/PleasureVocabularyApp/Resources/media/thumbnails/non-concordance.png
ios-native/Sources/PleasureVocabularyApp/Resources/media/thumbnails/non-concordance.png,thumbnail,non-concordance,psychological,ios-copy,310525,1b3484a6d36a4b3f,thumbnail:non-concordance,2,false,false,false,false,abstract-glyph,duplicate,,,consolidate-delete-copy,assets/images/concepts/thumbnails/non-concordance.png
assets/_originals/images/explainers/orgasm-gap.png,explainer,orgasm-gap,,original,753695,f7d3e3c50fa53697,explainer:orgasm-gap.png,2,false,false,false,false,unknown,master-archive,,,keep-until-cut,assets/images/explainers/orgasm-gap.png
assets/images/explainers/orgasm-gap.png,explainer,orgasm-gap,,shell-production,28856,36678591a8012457,explainer:orgasm-gap.png,2,false,false,false,false,unknown,matches,,,review,assets/_originals/images/explainers/orgasm-gap.png
native://diagram/pairing,diagram,pairing,technique,native-code,,,diagram:pairing,1,true,true,true,true,interactive-skia,matches,wired,Rendered in ConceptDiagrams.swift + components/diagrams/*.tsx,keep,
assets/images/concepts/illustrations/pairing.png,illustration,pairing,technique,production,192884,14d92e0f053f5371,illustration:pairing,2,true,true,true,true,scientific-anatomical,matches,wired,,keep,ios-native/Sources/PleasureVocabularyApp/Resources/media/illustrations/pairing.png
ios-native/Sources/PleasureVocabularyApp/Resources/media/illustrations/pairing.png,illustration,pairing,technique,ios-copy,192884,14d92e0f053f5371,illustration:pairing,2,false,false,false,false,scientific-anatomical,duplicate,,,consolidate-delete-copy,assets/images/concepts/illustrations/pairing.png
assets/_originals/images/concepts/pairing.png,other,pairing,technique,original,5166895,09850dbe19532990,other:pairing.png,1,false,false,false,false,scientific-anatomical,master-archive,,,keep-until-cut,
assets/images/concepts/thumbnails/pairing.png,thumbnail,pairing,technique,production,251079,52565d720aa06a9b,thumbnail:pairing,2,true,true,false,false,abstract-glyph,matches,wired,,keep,ios-native/Sources/PleasureVocabularyApp/Resources/media/thumbnails/pairing.png
ios-native/Sources/PleasureVocabularyApp/Resources/media/thumbnails/pairing.png,thumbnail,pairing,technique,ios-copy,251079,52565d720aa06a9b,thumbnail:pairing,2,false,false,false,false,abstract-glyph,duplicate,,,consolidate-delete-copy,assets/images/concepts/thumbnails/pairing.png
assets/_originals/images/pathways/partner-communication.png,pathway,partner-communication,,original,530747,ce2705ae6eaf3596,pathway:partner-communication.png,2,false,false,false,false,unknown,master-archive,,,keep-until-cut,assets/images/pathways/partner-communication.png
assets/images/pathways/partner-communication.png,pathway,partner-communication,,shell-production,8185,903e2a4a745711d2,pathway:partner-communication.png,2,false,false,false,false,unknown,matches,,,review,assets/_originals/images/pathways/partner-communication.png
assets/images/concepts/illustrations/plateauing.png,illustration,plateauing,sensation,production,168275,3d22170a79fe06b6,illustration:plateauing,2,true,true,true,false,scientific-warmth-plate,matches,wired,,keep,ios-native/Sources/PleasureVocabularyApp/Resources/media/illustrations/plateauing.png
ios-native/Sources/PleasureVocabularyApp/Resources/media/illustrations/plateauing.png,illustration,plateauing,sensation,ios-copy,168275,3d22170a79fe06b6,illustration:plateauing,2,false,false,false,false,scientific-warmth-plate,duplicate,,,consolidate-delete-copy,assets/images/concepts/illustrations/plateauing.png
assets/_originals/images/concepts/plateauing.png,other,plateauing,sensation,original,4900200,e3839294a6191e8a,other:plateauing.png,1,false,false,false,false,unknown,master-archive,,,keep-until-cut,
assets/images/concepts/thumbnails/plateauing.png,thumbnail,plateauing,sensation,production,194325,983954e768db279f,thumbnail:plateauing,2,true,true,false,false,abstract-glyph,matches,wired,,keep,ios-native/Sources/PleasureVocabularyApp/Resources/media/thumbnails/plateauing.png
ios-native/Sources/PleasureVocabularyApp/Resources/media/thumbnails/plateauing.png,thumbnail,plateauing,sensation,ios-copy,194325,983954e768db279f,thumbnail:plateauing,2,false,false,false,false,abstract-glyph,duplicate,,,consolidate-delete-copy,assets/images/concepts/thumbnails/plateauing.png
assets/images/concepts/illustrations/pulsing.png,illustration,pulsing,sensation,production,542690,934a333e4a14f69b,illustration:pulsing,2,true,true,true,false,scientific-warmth-plate,matches,wired,,keep,ios-native/Sources/PleasureVocabularyApp/Resources/media/illustrations/pulsing.png
ios-native/Sources/PleasureVocabularyApp/Resources/media/illustrations/pulsing.png,illustration,pulsing,sensation,ios-copy,542690,934a333e4a14f69b,illustration:pulsing,2,false,false,false,false,scientific-warmth-plate,duplicate,,,consolidate-delete-copy,assets/images/concepts/illustrations/pulsing.png
assets/_originals/images/concepts/pulsing.png,other,pulsing,sensation,original,4774399,fbd97f63609b8b23,other:pulsing.png,1,false,false,false,false,unknown,master-archive,,,keep-until-cut,
assets/images/concepts/thumbnails/pulsing.png,thumbnail,pulsing,sensation,production,343411,dadb7825ec5e363b,thumbnail:pulsing,2,true,true,false,false,abstract-glyph,matches,wired,,keep,ios-native/Sources/PleasureVocabularyApp/Resources/media/thumbnails/pulsing.png
ios-native/Sources/PleasureVocabularyApp/Resources/media/thumbnails/pulsing.png,thumbnail,pulsing,sensation,ios-copy,343411,dadb7825ec5e363b,thumbnail:pulsing,2,false,false,false,false,abstract-glyph,duplicate,,,consolidate-delete-copy,assets/images/concepts/thumbnails/pulsing.png
assets/images/concepts/illustrations/responsive-desire.png,illustration,responsive-desire,timing,production,674331,97951c841da772f8,illustration:responsive-desire,2,true,true,true,true,ethereal-abstract,matches,wired,,keep,ios-native/Sources/PleasureVocabularyApp/Resources/media/illustrations/responsive-desire.png
ios-native/Sources/PleasureVocabularyApp/Resources/media/illustrations/responsive-desire.png,illustration,responsive-desire,timing,ios-copy,674331,97951c841da772f8,illustration:responsive-desire,2,false,false,false,false,ethereal-abstract,duplicate,,,consolidate-delete-copy,assets/images/concepts/illustrations/responsive-desire.png
assets/_originals/images/concepts/responsive-desire.png,other,responsive-desire,timing,original,4820128,b0726d0be36fd25c,other:responsive-desire.png,1,false,false,false,false,unknown,master-archive,,,keep-until-cut,
assets/images/concepts/thumbnails/responsive-desire.png,thumbnail,responsive-desire,timing,production,355207,2cf4619ed1b9c06d,thumbnail:responsive-desire,2,true,true,false,false,abstract-glyph,matches,wired,,keep,ios-native/Sources/PleasureVocabularyApp/Resources/media/thumbnails/responsive-desire.png
ios-native/Sources/PleasureVocabularyApp/Resources/media/thumbnails/responsive-desire.png,thumbnail,responsive-desire,timing,ios-copy,355207,2cf4619ed1b9c06d,thumbnail:responsive-desire,2,false,false,false,false,abstract-glyph,duplicate,,,consolidate-delete-copy,assets/images/concepts/thumbnails/responsive-desire.png
assets/videos/originals/responsive-desire.mov,video,responsive-desire,timing,video-original,6211086,9734c3cb5e43720c,video:responsive-desire,4,false,false,false,false,motion,master-archive,,,keep-until-cut,assets/videos/originals/responsive-desire.mp4; assets/videos/responsive-desire.mp4; ios-native/Sources/PleasureVocabularyApp/Resources/media/videos/responsive-desire.mp4
assets/videos/originals/responsive-desire.mp4,video,responsive-desire,timing,video-original,2033212,829bf31acddabf96,video:responsive-desire,4,false,false,false,false,motion,master-archive,,,keep-until-cut,assets/videos/originals/responsive-desire.mov; assets/videos/responsive-desire.mp4; ios-native/Sources/PleasureVocabularyApp/Resources/media/videos/responsive-desire.mp4
assets/videos/responsive-desire.mp4,video,responsive-desire,timing,production,515350,f7b97951c0377023,video:responsive-desire,4,true,true,true,true,motion,matches,wired,,keep,assets/videos/originals/responsive-desire.mov; assets/videos/originals/responsive-desire.mp4; ios-native/Sources/PleasureVocabularyApp/Resources/media/videos/responsive-desire.mp4
ios-native/Sources/PleasureVocabularyApp/Resources/media/videos/responsive-desire.mp4,video,responsive-desire,timing,ios-copy,515350,f7b97951c0377023,video:responsive-desire,4,false,false,false,false,motion,duplicate,,,consolidate-delete-copy,assets/videos/originals/responsive-desire.mov; assets/videos/originals/responsive-desire.mp4; assets/videos/responsive-desire.mp4
native://diagram/rocking,diagram,rocking,technique,native-code,,,diagram:rocking,1,true,true,true,false,interactive-skia,matches,wired,Rendered in ConceptDiagrams.swift + components/diagrams/*.tsx,keep,
assets/images/concepts/illustrations/rocking.png,illustration,rocking,technique,production,129660,8d6f0c6f612114fc,illustration:rocking,2,true,true,true,false,scientific-anatomical,matches,wired,,keep,ios-native/Sources/PleasureVocabularyApp/Resources/media/illustrations/rocking.png
ios-native/Sources/PleasureVocabularyApp/Resources/media/illustrations/rocking.png,illustration,rocking,technique,ios-copy,129660,8d6f0c6f612114fc,illustration:rocking,2,false,false,false,false,scientific-anatomical,duplicate,,,consolidate-delete-copy,assets/images/concepts/illustrations/rocking.png
assets/_originals/images/concepts/rocking.png,other,rocking,technique,original,4538018,55febf6d7fa37e5d,other:rocking.png,1,false,false,false,false,scientific-anatomical,master-archive,,,keep-until-cut,
assets/images/concepts/thumbnails/rocking.png,thumbnail,rocking,technique,production,57143,ebec221ecabaa6bb,thumbnail:rocking,2,true,true,false,false,abstract-glyph,matches,wired,,keep,ios-native/Sources/PleasureVocabularyApp/Resources/media/thumbnails/rocking.png
ios-native/Sources/PleasureVocabularyApp/Resources/media/thumbnails/rocking.png,thumbnail,rocking,technique,ios-copy,57143,ebec221ecabaa6bb,thumbnail:rocking,2,false,false,false,false,abstract-glyph,duplicate,,,consolidate-delete-copy,assets/images/concepts/thumbnails/rocking.png
assets/images/concepts/illustrations/sexual-self-esteem.png,illustration,sexual-self-esteem,psychological,production,567398,8b07dc59862a6dc1,illustration:sexual-self-esteem,2,true,true,true,false,ethereal-abstract,matches,wired,,keep,ios-native/Sources/PleasureVocabularyApp/Resources/media/illustrations/sexual-self-esteem.png
ios-native/Sources/PleasureVocabularyApp/Resources/media/illustrations/sexual-self-esteem.png,illustration,sexual-self-esteem,psychological,ios-copy,567398,8b07dc59862a6dc1,illustration:sexual-self-esteem,2,false,false,false,false,ethereal-abstract,duplicate,,,consolidate-delete-copy,assets/images/concepts/illustrations/sexual-self-esteem.png
assets/_originals/images/concepts/sexual-self-esteem.png,other,sexual-self-esteem,psychological,original,5326832,1358e47ec7922cf5,other:sexual-self-esteem.png,1,false,false,false,false,ethereal-abstract,master-archive,,,keep-until-cut,
assets/images/concepts/thumbnails/sexual-self-esteem.png,thumbnail,sexual-self-esteem,psychological,production,445014,f91466e5ea09b3f8,thumbnail:sexual-self-esteem,2,true,true,false,false,abstract-glyph,matches,wired,,keep,ios-native/Sources/PleasureVocabularyApp/Resources/media/thumbnails/sexual-self-esteem.png
ios-native/Sources/PleasureVocabularyApp/Resources/media/thumbnails/sexual-self-esteem.png,thumbnail,sexual-self-esteem,psychological,ios-copy,445014,f91466e5ea09b3f8,thumbnail:sexual-self-esteem,2,false,false,false,false,abstract-glyph,duplicate,,,consolidate-delete-copy,assets/images/concepts/thumbnails/sexual-self-esteem.png
native://diagram/shallowing,diagram,shallowing,technique,native-code,,,diagram:shallowing,1,true,true,true,false,interactive-skia,matches,wired,Rendered in ConceptDiagrams.swift + components/diagrams/*.tsx,keep,
assets/images/concepts/illustrations/shallowing.png,illustration,shallowing,technique,production,129558,a0d3eb578e682124,illustration:shallowing,2,true,true,true,false,scientific-anatomical,matches,wired,,keep,ios-native/Sources/PleasureVocabularyApp/Resources/media/illustrations/shallowing.png
ios-native/Sources/PleasureVocabularyApp/Resources/media/illustrations/shallowing.png,illustration,shallowing,technique,ios-copy,129558,a0d3eb578e682124,illustration:shallowing,2,false,false,false,false,scientific-anatomical,duplicate,,,consolidate-delete-copy,assets/images/concepts/illustrations/shallowing.png
assets/_originals/images/concepts/shallowing.png,other,shallowing,technique,original,4750350,5444980525f20390,other:shallowing.png,1,false,false,false,false,scientific-anatomical,master-archive,,,keep-until-cut,
assets/images/concepts/thumbnails/shallowing.png,thumbnail,shallowing,technique,production,413640,623effb6c13fbb2f,thumbnail:shallowing,2,true,true,false,false,abstract-glyph,matches,wired,,keep,ios-native/Sources/PleasureVocabularyApp/Resources/media/thumbnails/shallowing.png
ios-native/Sources/PleasureVocabularyApp/Resources/media/thumbnails/shallowing.png,thumbnail,shallowing,technique,ios-copy,413640,623effb6c13fbb2f,thumbnail:shallowing,2,false,false,false,false,abstract-glyph,duplicate,,,consolidate-delete-copy,assets/images/concepts/thumbnails/shallowing.png
assets/videos/originals/shallowing.mp4,video,shallowing,technique,video-original,695596,f1d304f562bdb760,video:shallowing,1,false,false,false,false,motion,master-archive,,,keep-until-cut,
assets/_originals/images/pathways/solo-exploration.png,pathway,solo-exploration,,original,415248,471cf5456ccc3827,pathway:solo-exploration.png,2,false,false,false,false,unknown,master-archive,,,keep-until-cut,assets/images/pathways/solo-exploration.png
assets/images/pathways/solo-exploration.png,pathway,solo-exploration,,shell-production,21993,7214beca8bea2e2c,pathway:solo-exploration.png,2,false,false,false,false,unknown,matches,,,review,assets/_originals/images/pathways/solo-exploration.png
assets/images/concepts/illustrations/spectatoring.png,illustration,spectatoring,psychological,production,101985,f7125467bba16d36,illustration:spectatoring,2,true,true,true,true,ethereal-abstract,matches,wired,,keep,ios-native/Sources/PleasureVocabularyApp/Resources/media/illustrations/spectatoring.png
ios-native/Sources/PleasureVocabularyApp/Resources/media/illustrations/spectatoring.png,illustration,spectatoring,psychological,ios-copy,101985,f7125467bba16d36,illustration:spectatoring,2,false,false,false,false,ethereal-abstract,duplicate,,,consolidate-delete-copy,assets/images/concepts/illustrations/spectatoring.png
assets/_originals/images/concepts/spectatoring.png,other,spectatoring,psychological,original,4899935,1eb870cbecf0c4c2,other:spectatoring.png,1,false,false,false,false,ethereal-abstract,master-archive,,,keep-until-cut,
assets/images/concepts/thumbnails/spectatoring.png,thumbnail,spectatoring,psychological,production,339811,732934ec4cbf0cc5,thumbnail:spectatoring,2,true,true,false,false,abstract-glyph,matches,wired,,keep,ios-native/Sources/PleasureVocabularyApp/Resources/media/thumbnails/spectatoring.png
ios-native/Sources/PleasureVocabularyApp/Resources/media/thumbnails/spectatoring.png,thumbnail,spectatoring,psychological,ios-copy,339811,732934ec4cbf0cc5,thumbnail:spectatoring,2,false,false,false,false,abstract-glyph,duplicate,,,consolidate-delete-copy,assets/images/concepts/thumbnails/spectatoring.png
assets/images/concepts/illustrations/spontaneous-desire.png,illustration,spontaneous-desire,timing,production,619240,fa478de19b8cebba,illustration:spontaneous-desire,2,true,true,true,false,ethereal-abstract,matches,wired,,keep,ios-native/Sources/PleasureVocabularyApp/Resources/media/illustrations/spontaneous-desire.png
ios-native/Sources/PleasureVocabularyApp/Resources/media/illustrations/spontaneous-desire.png,illustration,spontaneous-desire,timing,ios-copy,619240,fa478de19b8cebba,illustration:spontaneous-desire,2,false,false,false,false,ethereal-abstract,duplicate,,,consolidate-delete-copy,assets/images/concepts/illustrations/spontaneous-desire.png
assets/_originals/images/concepts/spontaneous-desire.png,other,spontaneous-desire,timing,original,5041746,64065d7e65b4c026,other:spontaneous-desire.png,1,false,false,false,false,unknown,master-archive,,,keep-until-cut,
assets/images/concepts/thumbnails/spontaneous-desire.png,thumbnail,spontaneous-desire,timing,production,450597,6fffced0e1b2802b,thumbnail:spontaneous-desire,2,true,true,false,false,abstract-glyph,matches,wired,,keep,ios-native/Sources/PleasureVocabularyApp/Resources/media/thumbnails/spontaneous-desire.png
ios-native/Sources/PleasureVocabularyApp/Resources/media/thumbnails/spontaneous-desire.png,thumbnail,spontaneous-desire,timing,ios-copy,450597,6fffced0e1b2802b,thumbnail:spontaneous-desire,2,false,false,false,false,abstract-glyph,duplicate,,,consolidate-delete-copy,assets/images/concepts/thumbnails/spontaneous-desire.png
assets/images/concepts/illustrations/spreading.png,illustration,spreading,sensation,production,412425,2cb621d7d83f45ca,illustration:spreading,2,true,true,true,false,scientific-warmth-plate,matches,wired,,keep,ios-native/Sources/PleasureVocabularyApp/Resources/media/illustrations/spreading.png
ios-native/Sources/PleasureVocabularyApp/Resources/media/illustrations/spreading.png,illustration,spreading,sensation,ios-copy,412425,2cb621d7d83f45ca,illustration:spreading,2,false,false,false,false,scientific-warmth-plate,duplicate,,,consolidate-delete-copy,assets/images/concepts/illustrations/spreading.png
assets/_originals/images/concepts/spreading.png,other,spreading,sensation,original,5458533,f85eb80fed116e03,other:spreading.png,1,false,false,false,false,unknown,master-archive,,,keep-until-cut,
assets/images/concepts/thumbnails/spreading.png,thumbnail,spreading,sensation,production,314199,cdc498375a9f6747,thumbnail:spreading,2,true,true,false,false,abstract-glyph,matches,wired,,keep,ios-native/Sources/PleasureVocabularyApp/Resources/media/thumbnails/spreading.png
ios-native/Sources/PleasureVocabularyApp/Resources/media/thumbnails/spreading.png,thumbnail,spreading,sensation,ios-copy,314199,cdc498375a9f6747,thumbnail:spreading,2,false,false,false,false,abstract-glyph,duplicate,,,consolidate-delete-copy,assets/images/concepts/thumbnails/spreading.png
assets/videos/spreading.mp4,video,spreading,sensation,production,1682298,c41f6d86167be5cb,video:spreading,2,true,true,true,false,motion,matches,wired,,keep,ios-native/Sources/PleasureVocabularyApp/Resources/media/videos/spreading.mp4
ios-native/Sources/PleasureVocabularyApp/Resources/media/videos/spreading.mp4,video,spreading,sensation,ios-copy,1682298,c41f6d86167be5cb,video:spreading,2,false,false,false,false,motion,duplicate,,,consolidate-delete-copy,assets/videos/spreading.mp4
assets/images/concepts/illustrations/warmup-window.png,illustration,warmup-window,timing,production,229150,b896833d8aa1b563,illustration:warmup-window,2,true,true,true,false,scientific-warmth-plate,matches,wired,,keep,ios-native/Sources/PleasureVocabularyApp/Resources/media/illustrations/warmup-window.png
ios-native/Sources/PleasureVocabularyApp/Resources/media/illustrations/warmup-window.png,illustration,warmup-window,timing,ios-copy,229150,b896833d8aa1b563,illustration:warmup-window,2,false,false,false,false,scientific-warmth-plate,duplicate,,,consolidate-delete-copy,assets/images/concepts/illustrations/warmup-window.png
assets/_originals/images/concepts/warmup-window.png,other,warmup-window,timing,original,4697380,e38601eceaed3f02,other:warmup-window.png,1,false,false,false,false,unknown,master-archive,,,keep-until-cut,
assets/images/concepts/thumbnails/warmup-window.png,thumbnail,warmup-window,timing,production,319186,529f7acb7c0b18b9,thumbnail:warmup-window,2,true,true,false,false,abstract-glyph,matches,wired,,keep,ios-native/Sources/PleasureVocabularyApp/Resources/media/thumbnails/warmup-window.png
ios-native/Sources/PleasureVocabularyApp/Resources/media/thumbnails/warmup-window.png,thumbnail,warmup-window,timing,ios-copy,319186,529f7acb7c0b18b9,thumbnail:warmup-window,2,false,false,false,false,abstract-glyph,duplicate,,,consolidate-delete-copy,assets/images/concepts/thumbnails/warmup-window.png
ios-native/AppHost/Assets.xcassets/AppIcon.appiconset/icon-1024.png,app-icon,,,ios-app-icon,505083,253df1f4b5127166,app-icon:icon-1024.png,1,false,false,false,false,unknown,unknown,,,review,
assets/_originals/images/adaptive-icon.png,branding,,,original,17547,5f4c0a732b6325bf,branding:adaptive-icon.png,2,false,false,false,false,unknown,master-archive,,,keep-until-cut,assets/images/adaptive-icon.png
assets/_originals/images/aura-background.png,branding,,,original,485181,3ef54e72cfdf97ff,branding:aura-background.png,2,false,false,false,false,unknown,master-archive,,,keep-until-cut,assets/images/aura-background.png
assets/_originals/images/favicon.png,branding,,,original,1466,24272cdaeff82cc5,branding:favicon.png,2,false,false,false,false,unknown,master-archive,,,keep-until-cut,assets/images/favicon.png
assets/_originals/images/icon.png,branding,,,original,22380,74c64047eb557b13,branding:icon.png,2,false,false,false,false,unknown,master-archive,,,keep-until-cut,assets/images/icon.png
assets/_originals/images/splash-icon.png,branding,,,original,17547,5f4c0a732b6325bf,branding:splash-icon.png,2,false,false,false,false,unknown,master-archive,,,keep-until-cut,assets/images/splash-icon.png
assets/_originals/images/welcome-background.png,branding,,,original,517730,307098aaf8c637e0,branding:welcome-background.png,2,false,false,false,false,unknown,master-archive,,,keep-until-cut,assets/images/welcome-background.png
assets/images/adaptive-icon.png,branding,,,shell-production,17547,5f4c0a732b6325bf,branding:adaptive-icon.png,2,false,false,false,false,unknown,unknown,,,review,assets/_originals/images/adaptive-icon.png
assets/images/aura-background.png,branding,,,shell-production,485181,3ef54e72cfdf97ff,branding:aura-background.png,2,false,false,false,false,unknown,unknown,,,review,assets/_originals/images/aura-background.png
assets/images/favicon.png,branding,,,shell-production,1466,24272cdaeff82cc5,branding:favicon.png,2,false,false,false,false,unknown,unknown,,,review,assets/_originals/images/favicon.png
assets/images/icon.png,branding,,,shell-production,505083,253df1f4b5127166,branding:icon.png,2,false,false,false,false,unknown,unknown,,,review,assets/_originals/images/icon.png
assets/images/splash-icon.png,branding,,,shell-production,17547,5f4c0a732b6325bf,branding:splash-icon.png,2,false,false,false,false,unknown,unknown,,,review,assets/_originals/images/splash-icon.png
assets/images/welcome-background.png,branding,,,shell-production,517730,307098aaf8c637e0,branding:welcome-background.png,2,false,false,false,false,unknown,unknown,,,review,assets/_originals/images/welcome-background.png
assets/images/ui/communicate/communicate-barriers.png,communicate-ui,,,shell-production,197082,4d7cd712c305a938,communicate-ui:communicate-barriers.png,1,false,false,false,false,unknown,unknown,,,review,
assets/images/ui/communicate/communicate-scripts.png,communicate-ui,,,shell-production,287781,c0e80e0e313eb426,communicate-ui:communicate-scripts.png,1,false,false,false,false,unknown,unknown,,,review,
assets/images/ui/communicate/communicate-starters.png,communicate-ui,,,shell-production,198579,8970a4a8c9dfb24e,communicate-ui:communicate-starters.png,1,false,false,false,false,unknown,unknown,,,review,
assets/_originals/images/icon-angling.png,other,,,original,313197,2fd360a22a91fe9b,other:icon-angling.png,1,false,false,false,false,unknown,master-archive,,,keep-until-cut,
assets/_originals/images/icon-building.png,other,,,original,79286,79ec7f6405697ad8,other:icon-building.png,1,false,false,false,false,unknown,master-archive,,,keep-until-cut,
assets/_originals/images/icon-rocking.png,other,,,original,313141,0f309e4785ddbcc1,other:icon-rocking.png,1,false,false,false,false,unknown,master-archive,,,keep-until-cut,
assets/_originals/images/icon-spreading.png,other,,,original,482361,359b01527a2d016b,other:icon-spreading.png,1,false,false,false,false,unknown,master-archive,,,keep-until-cut,
assets/images/ui/profile/stat-explored.png,profile-ui,,,shell-production,74318,56a9bb174f5266a3,profile-ui:stat-explored.png,1,false,false,false,false,unknown,unknown,,,review,
assets/images/ui/profile/stat-resonates.png,profile-ui,,,shell-production,128324,47e4b1f53b1cc2c9,profile-ui:stat-resonates.png,1,false,false,false,false,unknown,unknown,,,review,
assets/images/ui/profile/tool-communicate.png,profile-ui,,,shell-production,98740,b3d0d0635a23fcfc,profile-ui:tool-communicate.png,1,false,false,false,false,unknown,unknown,,,review,
assets/images/ui/profile/tool-export.png,profile-ui,,,shell-production,18184,0c9c79e813c8921e,profile-ui:tool-export.png,1,false,false,false,false,unknown,unknown,,,review,
assets/_originals/images/ui/category-anatomy.png,shell-ui,,,original,184168,404e9055d6e90d68,shell-ui:category-anatomy.png,2,false,false,false,false,unknown,master-archive,,,keep-until-cut,assets/images/ui/category-anatomy.png
assets/_originals/images/ui/category-psychological.png,shell-ui,,,original,167162,8c003c815fd252cc,shell-ui:category-psychological.png,2,false,false,false,false,unknown,master-archive,,,keep-until-cut,assets/images/ui/category-psychological.png
assets/_originals/images/ui/category-sensation.png,shell-ui,,,original,530688,6b29c0d6d24a5e8d,shell-ui:category-sensation.png,2,false,false,false,false,unknown,master-archive,,,keep-until-cut,assets/images/ui/category-sensation.png
assets/_originals/images/ui/category-technique.png,shell-ui,,,original,211687,856efdb6c29624ca,shell-ui:category-technique.png,2,false,false,false,false,unknown,master-archive,,,keep-until-cut,assets/images/ui/category-technique.png
assets/_originals/images/ui/category-timing.png,shell-ui,,,original,180171,c6938f2a94d4c766,shell-ui:category-timing.png,2,false,false,false,false,unknown,master-archive,,,keep-until-cut,assets/images/ui/category-timing.png
assets/_originals/images/ui/daily-discovery.png,shell-ui,,,original,351257,43321f63adc74118,shell-ui:daily-discovery.png,2,false,false,false,false,unknown,master-archive,,,keep-until-cut,assets/images/ui/daily-discovery.png
assets/_originals/images/ui/empty-collection.png,shell-ui,,,original,454434,9eb9abf7f6d02f0e,shell-ui:empty-collection.png,2,false,false,false,false,unknown,master-archive,,,keep-until-cut,assets/images/ui/empty-collection.png
assets/_originals/images/ui/empty-journal.png,shell-ui,,,original,363921,a44d420a068ba66a,shell-ui:empty-journal.png,2,false,false,false,false,unknown,master-archive,,,keep-until-cut,assets/images/ui/empty-journal.png
assets/_originals/images/ui/home-welcome.png,shell-ui,,,original,614234,6aff87b1def43ef6,shell-ui:home-welcome.png,2,false,false,false,false,unknown,master-archive,,,keep-until-cut,assets/images/ui/home-welcome.png
assets/_originals/images/ui/insight-pattern.png,shell-ui,,,original,687761,73c965d4fc8bf9db,shell-ui:insight-pattern.png,1,false,false,false,false,unknown,master-archive,,,keep-until-cut,
assets/_originals/images/ui/slide-explore.png,shell-ui,,,original,449275,4beaeea2f1d6a8fd,shell-ui:slide-explore.png,2,false,false,false,false,unknown,master-archive,,,keep-until-cut,assets/images/ui/slide-explore.png
assets/_originals/images/ui/slide-name.png,shell-ui,,,original,322140,9acdf9418ec1b194,shell-ui:slide-name.png,2,false,false,false,false,unknown,master-archive,,,keep-until-cut,assets/images/ui/slide-name.png
assets/_originals/images/ui/slide-understand.png,shell-ui,,,original,401566,7070754660e8ce63,shell-ui:slide-understand.png,2,false,false,false,false,unknown,master-archive,,,keep-until-cut,assets/images/ui/slide-understand.png
assets/_originals/images/ui/tab-home.png,shell-ui,,,original,373112,a8581015defb668c,shell-ui:tab-home.png,2,false,false,false,false,unknown,master-archive,,,keep-until-cut,assets/images/ui/tab-home.png
assets/_originals/images/ui/tab-journal.png,shell-ui,,,original,377793,adbda9be72806845,shell-ui:tab-journal.png,2,false,false,false,false,unknown,master-archive,,,keep-until-cut,assets/images/ui/tab-journal.png
assets/_originals/images/ui/tab-library.png,shell-ui,,,original,377752,5add96dd93f15130,shell-ui:tab-library.png,2,false,false,false,false,unknown,master-archive,,,keep-until-cut,assets/images/ui/tab-library.png
assets/_originals/images/ui/tab-profile.png,shell-ui,,,original,379429,b103bbc8e2171093,shell-ui:tab-profile.png,2,false,false,false,false,unknown,master-archive,,,keep-until-cut,assets/images/ui/tab-profile.png
assets/images/ui/category-anatomy.png,shell-ui,,,shell-production,14274,7036dbeed720846d,shell-ui:category-anatomy.png,2,false,false,false,false,unknown,matches,,,review,assets/_originals/images/ui/category-anatomy.png
assets/images/ui/category-psychological.png,shell-ui,,,shell-production,8571,36036644dbdd1f66,shell-ui:category-psychological.png,2,false,false,false,false,unknown,matches,,,review,assets/_originals/images/ui/category-psychological.png
assets/images/ui/category-sensation.png,shell-ui,,,shell-production,34616,9bc4b4e532ee4153,shell-ui:category-sensation.png,2,false,false,false,false,unknown,matches,,,review,assets/_originals/images/ui/category-sensation.png
assets/images/ui/category-technique.png,shell-ui,,,shell-production,17984,2fa5ee5f4c711d81,shell-ui:category-technique.png,2,false,false,false,false,unknown,matches,,,review,assets/_originals/images/ui/category-technique.png
assets/images/ui/category-timing.png,shell-ui,,,shell-production,10867,5f796a9d68843942,shell-ui:category-timing.png,2,false,false,false,false,unknown,matches,,,review,assets/_originals/images/ui/category-timing.png
assets/images/ui/daily-discovery.png,shell-ui,,,shell-production,6577,7a4f50539edd042c,shell-ui:daily-discovery.png,2,false,false,false,false,unknown,matches,,,review,assets/_originals/images/ui/daily-discovery.png
assets/images/ui/empty-collection.png,shell-ui,,,shell-production,50037,2f471d1e76004b17,shell-ui:empty-collection.png,2,false,false,false,false,unknown,matches,,,review,assets/_originals/images/ui/empty-collection.png
assets/images/ui/empty-journal.png,shell-ui,,,shell-production,9344,61f3a201353ede6f,shell-ui:empty-journal.png,2,false,false,false,false,unknown,matches,,,review,assets/_originals/images/ui/empty-journal.png
assets/images/ui/home-welcome.png,shell-ui,,,shell-production,54269,0d20922ffdff2d77,shell-ui:home-welcome.png,2,false,false,false,false,unknown,matches,,,review,assets/_originals/images/ui/home-welcome.png
assets/images/ui/slide-explore.png,shell-ui,,,shell-production,17529,1202487ab8ba6b9f,shell-ui:slide-explore.png,2,false,false,false,false,unknown,matches,,,review,assets/_originals/images/ui/slide-explore.png
assets/images/ui/slide-name.png,shell-ui,,,shell-production,6198,3dd80753b9d99ecd,shell-ui:slide-name.png,2,false,false,false,false,unknown,matches,,,review,assets/_originals/images/ui/slide-name.png
assets/images/ui/slide-understand.png,shell-ui,,,shell-production,12721,d59d19f530fd2a73,shell-ui:slide-understand.png,2,false,false,false,false,unknown,matches,,,review,assets/_originals/images/ui/slide-understand.png
assets/images/ui/tab-home.png,shell-ui,,,shell-production,8799,a4f7a35928335239,shell-ui:tab-home.png,2,false,false,false,false,unknown,matches,,,review,assets/_originals/images/ui/tab-home.png
assets/images/ui/tab-journal.png,shell-ui,,,shell-production,8777,371cb0f2cb64bd94,shell-ui:tab-journal.png,2,false,false,false,false,unknown,matches,,,review,assets/_originals/images/ui/tab-journal.png
assets/images/ui/tab-library.png,shell-ui,,,shell-production,11063,9e19696ebd056161,shell-ui:tab-library.png,2,false,false,false,false,unknown,matches,,,review,assets/_originals/images/ui/tab-library.png
assets/images/ui/tab-profile.png,shell-ui,,,shell-production,37784,578d0073da9ac5cb,shell-ui:tab-profile.png,2,false,false,false,false,unknown,matches,,,review,assets/_originals/images/ui/tab-profile.png